{"params": {"n_sweeps": 100, "seed": 0, "n_reps": 10}, "name": "test", "content": {"edges": [[[0, 1], 0.6888437030500962], [[0, 2], 0.515908805880605], [[0, 3], -0.15885683833831], [[0, 4], -0.4821664994140733], [[1, 2], 0.02254944273721704], [[1, 3], -0.19013172509917142], [[1, 4], 0.5675971780695452], [[2, 3], -0.3933745478421451], [[2, 4], -0.04680609169528838], [[3, 4], 0.1667640789100624]]}, "_id": "363c13b836c3a8a4"}
