{"content":{"edges":[[[0,1],0.2506781692291131],[[0,2],0.303180775672252],[[0,3],0.6217803590930426],[[0,4],-0.15590613627100236],[[0,5],0.5098973257836017],[[0,6],0.6070576746857304],[[0,7],0.9204432722132005],[[0,8],0.38676854302381525],[[0,9],0.706340160082259],[[0,10],0.8010284901651772],[[0,11],-0.34986296580661325],[[1,2],-0.856709927202806],[[1,3],-0.7052299663906267],[[1,4],-0.19858435238955519],[[1,5],0.12090867381660697],[[1,6],-0.01598770958474449],[[1,7],-0.5549827745308422],[[1,8],-0.1441677366898344],[[1,9],-0.9124564247107323],[[1,10],-0.879333215689369],[[1,11],-0.1534950151360761],[[2,3],0.10248459436454005],[[2,4],0.3440591185122801],[[2,5],-0.18558781009848757],[[2,6],0.9887089818530146],[[2,7],0.6950457415355236],[[2,8],0.8232871599521008],[[2,9],0.3620060709214312],[[2,10],0.7626665972170115],[[2,11],0.2204068370421981],[[3,4],0.5982837756466306],[[3,5],-0.23087661925800362],[[3,6],0.3444769247282071],[[3,7],-0.9212159997120648],[[3,8],-0.7537918587663259],[[3,9],-0.30991936924778085],[[3,10],0.2763916569839975],[[3,11],-0.7249029208561459],[[4,5],0.07938656611815453],[[4,6],-0.5459528309863817],[[4,7],-0.44477149757228984],[[4,8],-0.3778487756954385],[[4,9],0.23920940146378356],[[4,10],0.7742555857970157],[[4,11],-0.6170252707968591],[[5,6],0.9465106302609518],[[5,7],-0.3137546381081837],[[5,8],-0.9173223690079815],[[5,9],-0.6243338390819637],[[5,10],0.6136801047349798],[[5,11],-0.008303274083092615],[[6,7],-0.23696723895863991],[[6,8],-0.7083107093932903],[[6,9],-0.8085081389175475],[[6,10],0.9872365816296687],[[6,11],-0.7415526059004534],[[7,8],-0.06225817727467309],[[7,9],0.9482943707724496],[[7,10],0.6621490916034982],[[7,11],-0.19258092820423656],[[8,9],0.40875772203505],[[8,10],-0.15576041248382233],[[8,11],0.6492179646439584],[[9,10],0.555542191599306],[[9,11],-0.771960428864114],[[10,11],0.18555991641061031]],"n_spins":12},"params":{"Ttot":500,"seed":0,"hx":-1,"nsteps":400}}
